exporter_id,exporter_name,description

45,cAdvisor Exporter,ddddddddddddSystem check identified no issues (0 silenced).
September 26, 2021 - 15:48:59
Django version 3.1.13, using settings 'exporterhub.settings.base'
Starting development server at http://0.0.0.0:8000/
Quit the server with CONTROL-C.
Performing system checks...

System check identified no issues (0 silenced).
September 26, 2021 - 15:49:20
Django version 3.1.13, using settings 'exporterhub.settings.base'
Starting development server at http://0.0.0.0:8000/
Quit the server with CONTROL-C.
{'exporter_id': 45, 'exporter_name': 'cAdvisor Exporter', 'description': 'dd'}
[26/Sep/2021 15:49:30] "POST /exd
dfdfdsfjdsaf;jsdalfjasd;lfkjdsafkja;sdflkjsa;lfjsda;flkdsjfljksda;flksadj;flkjdasfkjads;lfja;sdlkfjdlskfjdlskafj;lksadjf;lksdajfklds;jadsklfjldksjflaksdfjal;dfjl;akdfjlakdjflkadjflakfjlkadsjdlkjflkasdjf;klsjfkad;sllkdsjfkdjfaklsfjskdfjdsa;lkfjkkdkdfj;asdkfja
45,cAdvisor Exporter,hi
hi
